{"cameraMode":{"drawMode":0,"name":"Shaded","section":"Shading Mode"},"sceneLighting":true,"audioPlay":false,"sceneViewState":{"m_AlwaysRefresh":false,"showFog":true,"showSkybox":true,"showFlares":true,"showImageEffects":true,"showParticleSystems":true,"showVisualEffectGraphs":true,"m_FxEnabled":true},"in2DMode":false,"pivot":{"x":16.578689575195314,"y":7.242987155914307,"z":0.4657326638698578},"rotation":{"x":0.018950793892145158,"y":-0.07561714947223664,"z":0.0005592858069576323,"w":0.9969598650932312},"size":12.12435531616211,"orthographic":false}