{"cameraMode":{"drawMode":0,"name":"Shaded","section":"Shading Mode"},"sceneLighting":true,"audioPlay":false,"sceneViewState":{"m_AlwaysRefresh":false,"showFog":true,"showSkybox":true,"showFlares":true,"showImageEffects":true,"showParticleSystems":true,"showVisualEffectGraphs":true,"m_FxEnabled":true},"in2DMode":false,"pivot":{"x":6.546000957489014,"y":8.278233528137207,"z":-15.513991355895996},"rotation":{"x":-0.23507961630821229,"y":0.34098535776138308,"z":-0.08848605304956436,"w":-0.9059011936187744},"size":18.894309997558595,"orthographic":false}